{"cameraMode":{"drawMode":0,"name":"Shaded","section":"Shading Mode"},"sceneLighting":false,"audioPlay":false,"sceneViewState":{"showFog":true,"showMaterialUpdate":false,"showSkybox":false,"showFlares":true,"showImageEffects":true,"showParticleSystems":true},"in2DMode":false,"pivot":{"x":-32.072967529296878,"y":4.391269207000732,"z":-92.33601379394531},"rotation":{"x":0.10972807556390763,"y":-0.4300940930843353,"z":0.0523001030087471,"w":0.8949691653251648},"size":9.587319374084473,"orthographic":false}